{"velocidade_personagem": 3.2549999999999986, "intervalo_disparo": 760, "dano_person_hit": 1585.5, "chance_critico": 0.06, "roubo_de_vida": 0.4799999999999999, "quantidade_roubo_vida": 0.4600000000000002, "vida_petro": 28513.921724169064, "vida_maxima_personagem": 1678.4310687938412, "vida_maxima_petro": 29368.091724169066, "vida_atual_personagem": 733.7988047938416, "nivel_Petro": "nivel_1", "existencia_petro": true, "existencia_trembo": true, "dano_petro": 278.71650000000136, "resistencia_personagem": 35, "resistencia_petro": 4645.100000000006, "dano_inimigo_longe": 893.8200000000005, "dano_inimigo_perto": 268.34999999999786, "Poison_Active": true, "Ultimo_Estalo": false, "Executa_inimigo": 0.05, "Mercenaria_Active": true, "Valor_Bonus": 75, "tempo_cooldown_dash": 2543.3322445410686}