{"estavel_longe_calmo": {"FUGIR": -0.007550165585693033, "INTERCEPTAR": -0.37401671394286473, "ORBITAR": -0.00505508166673355, "CERCAR": -0.15085328459798594}, "estavel_longe_perigo": {"FUGIR": -0.38787742990573226, "INTERCEPTAR": -0.06082559559531449, "ORBITAR": 0.19525368362722564, "CERCAR": -0.02333163706157751}, "estavel_perto_calmo": {"FUGIR": -0.21994865132975439, "INTERCEPTAR": 0.22549733022840218, "ORBITAR": 0.09738616894803234, "CERCAR": 0.0}, "crit_longe_perigo": {"FUGIR": -0.15026089738695952, "INTERCEPTAR": 0.2881779892817641, "ORBITAR": -0.10097075769703368, "CERCAR": -0.18785308099999998}, "crit_longe_calmo": {"FUGIR": -0.09538969555340278, "INTERCEPTAR": 0.4293452751416733, "ORBITAR": 0.0, "CERCAR": 0.0}, "crit_perto_calmo": {"FUGIR": 0.0, "INTERCEPTAR": 0.0, "ORBITAR": 0.0, "CERCAR": 0.0}, "estavel_perto_perigo": {"FUGIR": -0.13270722759499998, "INTERCEPTAR": 0.0, "ORBITAR": 0.0, "CERCAR": 0.0}, "crit_perto_perigo": {"FUGIR": 0.0, "INTERCEPTAR": 0.0, "ORBITAR": 0.0, "CERCAR": 0.0}}