{"estavel_longe_calmo": {"FUGIR": -0.00523673772712166, "INTERCEPTAR": -0.37401671394286473, "ORBITAR": 0.001030106590707014, "CERCAR": 0.0}, "estavel_longe_perigo": {"FUGIR": -0.271033802, "INTERCEPTAR": -0.07612522954686861, "ORBITAR": 0.0, "CERCAR": 0.0}, "estavel_perto_calmo": {"FUGIR": -0.26125075539910003, "INTERCEPTAR": 0.0, "ORBITAR": 0.0, "CERCAR": 0.0}, "crit_longe_perigo": {"FUGIR": -0.15026089738695952, "INTERCEPTAR": 0.2881779892817641, "ORBITAR": -0.10097075769703368, "CERCAR": -0.18785308099999998}, "crit_longe_calmo": {"FUGIR": -0.09538969555340278, "INTERCEPTAR": 0.4293452751416733, "ORBITAR": 0.0, "CERCAR": 0.0}, "crit_perto_calmo": {"FUGIR": 0.0, "INTERCEPTAR": 0.0, "ORBITAR": 0.0, "CERCAR": 0.0}, "estavel_perto_perigo": {"FUGIR": 0.0, "INTERCEPTAR": 0.0, "ORBITAR": 0.0, "CERCAR": 0.0}, "crit_perto_perigo": {"FUGIR": 0.0, "INTERCEPTAR": 0.0, "ORBITAR": 0.0, "CERCAR": 0.0}}